report_id,solution_id,confirmation_strength,post_fix_outcome,confirmed_at_timestamp
report_0010,solution_0040,4,improved,2025-12-16 18:29:13
report_0012,solution_0022,4,improved,2026-01-25 02:24:13
report_0019,solution_0033,3,resolved,2026-01-27 10:15:13
report_0020,solution_0040,3,resolved,2025-12-19 04:08:13
report_0022,solution_0039,3,no_change,2025-12-18 07:25:13
report_0027,solution_0032,4,resolved,2026-01-20 00:48:13
report_0032,solution_0003,4,resolved,2025-12-15 04:44:13
report_0034,solution_0041,4,resolved,2026-01-03 00:09:13
report_0037,solution_0003,4,resolved,2025-12-29 06:27:13
report_0040,solution_0023,5,improved,2025-12-07 14:18:13
report_0042,solution_0040,4,improved,2026-01-05 08:25:13
report_0044,solution_0016,3,resolved,2026-01-08 23:38:13
report_0045,solution_0001,3,resolved,2025-12-02 12:44:13
report_0050,solution_0041,3,resolved,2025-12-30 11:06:13
report_0056,solution_0006,4,resolved,2025-12-19 05:55:13
report_0057,solution_0030,3,no_change,2025-11-28 20:14:13
report_0065,solution_0024,5,resolved,2025-12-02 00:26:13
report_0079,solution_0023,4,improved,2025-12-12 00:00:13
report_0082,solution_0031,5,resolved,2025-12-28 19:15:13
report_0083,solution_0001,5,no_change,2025-12-19 13:19:13
report_0086,solution_0007,4,improved,2025-12-06 05:47:13
report_0087,solution_0016,4,improved,2025-12-21 05:01:13
report_0090,solution_0039,3,resolved,2025-12-26 03:18:13
report_0091,solution_0003,3,resolved,2025-12-19 04:13:13
report_0098,solution_0014,2,no_change,2025-12-31 02:19:13
